{"cameraMode":{"drawMode":0,"name":"Shaded","section":"Shading Mode"},"sceneLighting":false,"audioPlay":false,"sceneViewState":{"m_AlwaysRefresh":false,"showFog":true,"showSkybox":false,"showFlares":true,"showImageEffects":true,"showParticleSystems":true,"showVisualEffectGraphs":true,"m_FxEnabled":true},"in2DMode":false,"pivot":{"x":-4.427999973297119,"y":0.2059999704360962,"z":1.684999942779541},"rotation":{"x":0.08054196089506149,"y":0.9128111600875855,"z":-0.33579501509666445,"w":0.21899746358394624},"size":0.6017253398895264,"orthographic":false}