{"cameraMode":{"drawMode":0,"name":"Shaded","section":"Shading Mode"},"sceneLighting":false,"audioPlay":false,"sceneViewState":{"m_AlwaysRefresh":false,"showFog":true,"showSkybox":false,"showFlares":true,"showImageEffects":true,"showParticleSystems":true,"showVisualEffectGraphs":true,"m_FxEnabled":true},"in2DMode":false,"pivot":{"x":0.9653881788253784,"y":1.1904014348983765,"z":-2.2752623558044435},"rotation":{"x":-0.12822753190994264,"y":0.7073007225990295,"z":-0.1324584186077118,"w":-0.6825958490371704},"size":0.26669543981552126,"orthographic":true}